,anomaly_month,anomaly_value,anomaly_year,event_lat,event_lon,event_max_size,event_prob,event_severe_prob,event_time
0,1.0,1.6,2015.0,60.45041,-161.33731,0.5,40,0,2.01501080016e+13
1,1.0,1.6,2015.0,60.51937,-161.37954,0.5,50,0,2.01501080031e+13
2,1.0,1.6,2015.0,60.54423,-161.42433,0.5,10,0,2.01501080036e+13
3,1.0,1.6,2015.0,60.61949,-161.37719,0.5,10,0,2.01501080046e+13
4,1.0,1.6,2015.0,60.5528,-161.63921,0.5,10,0,2.01501080046e+13
5,1.0,1.6,2015.0,60.53259,-161.57235,0.5,10,0,2.01501080248e+13
